COD_PROD_04,COD_PROD_05,COD_PROD_06,Constante

y = ax1 + bx2 + cx3 + k
[1.00466919 1.00527598 0.99862544],5437.317986735259

